쿠폰코드,할인율,사용조건,상태
FLOW-MUSUN-uNrjjU-0001,5%,1인 1회,미사용
FLOW-MUSUN-uNrjjU-0002,5%,1인 1회,미사용
FLOW-MUSUN-uNrjjU-0003,5%,1인 1회,미사용
FLOW-MUSUN-uNrjjU-0004,5%,1인 1회,미사용
FLOW-MUSUN-uNrjjU-0005,5%,1인 1회,미사용
FLOW-MUSUN-uNrjjU-0006,5%,1인 1회,미사용
FLOW-MUSUN-uNrjjU-0007,5%,1인 1회,미사용
FLOW-MUSUN-uNrjjU-0008,5%,1인 1회,미사용
FLOW-MUSUN-uNrjjU-0009,5%,1인 1회,미사용
FLOW-MUSUN-uNrjjU-0010,5%,1인 1회,미사용
FLOW-MUSUN-uNrjjU-0011,5%,1인 1회,미사용
FLOW-MUSUN-uNrjjU-0012,5%,1인 1회,미사용
FLOW-MUSUN-uNrjjU-0013,5%,1인 1회,미사용
FLOW-MUSUN-uNrjjU-0014,5%,1인 1회,미사용
FLOW-MUSUN-uNrjjU-0015,5%,1인 1회,미사용
FLOW-MUSUN-uNrjjU-0016,5%,1인 1회,미사용
FLOW-MUSUN-uNrjjU-0017,5%,1인 1회,미사용
FLOW-MUSUN-uNrjjU-0018,5%,1인 1회,미사용
FLOW-MUSUN-uNrjjU-0019,5%,1인 1회,미사용
FLOW-MUSUN-uNrjjU-0020,5%,1인 1회,미사용
FLOW-MUSUN-uNrjjU-0021,5%,1인 1회,미사용
FLOW-MUSUN-uNrjjU-0022,5%,1인 1회,미사용
FLOW-MUSUN-uNrjjU-0023,5%,1인 1회,미사용
FLOW-MUSUN-uNrjjU-0024,5%,1인 1회,미사용
FLOW-MUSUN-uNrjjU-0025,5%,1인 1회,미사용
FLOW-MUSUN-uNrjjU-0026,5%,1인 1회,미사용
FLOW-MUSUN-uNrjjU-0027,5%,1인 1회,미사용
FLOW-MUSUN-uNrjjU-0028,5%,1인 1회,미사용
FLOW-MUSUN-uNrjjU-0029,5%,1인 1회,미사용
FLOW-MUSUN-uNrjjU-0030,5%,1인 1회,미사용
FLOW-MUSUN-uNrjjU-0031,5%,1인 1회,미사용
FLOW-MUSUN-uNrjjU-0032,5%,1인 1회,미사용
FLOW-MUSUN-uNrjjU-0033,5%,1인 1회,미사용
FLOW-MUSUN-uNrjjU-0034,5%,1인 1회,미사용
FLOW-MUSUN-uNrjjU-0035,5%,1인 1회,미사용
FLOW-MUSUN-uNrjjU-0036,5%,1인 1회,미사용
FLOW-MUSUN-uNrjjU-0037,5%,1인 1회,미사용
FLOW-MUSUN-uNrjjU-0038,5%,1인 1회,미사용
FLOW-MUSUN-uNrjjU-0039,5%,1인 1회,미사용
FLOW-MUSUN-uNrjjU-0040,5%,1인 1회,미사용
FLOW-MUSUN-uNrjjU-0041,5%,1인 1회,미사용
FLOW-MUSUN-uNrjjU-0042,5%,1인 1회,미사용
FLOW-MUSUN-uNrjjU-0043,5%,1인 1회,미사용
FLOW-MUSUN-uNrjjU-0044,5%,1인 1회,미사용
FLOW-MUSUN-uNrjjU-0045,5%,1인 1회,미사용
FLOW-MUSUN-uNrjjU-0046,5%,1인 1회,미사용
FLOW-MUSUN-uNrjjU-0047,5%,1인 1회,미사용
FLOW-MUSUN-uNrjjU-0048,5%,1인 1회,미사용
FLOW-MUSUN-uNrjjU-0049,5%,1인 1회,미사용
FLOW-MUSUN-uNrjjU-0050,5%,1인 1회,미사용
FLOW-MUSUN-uNrjjU-0051,5%,1인 1회,미사용
FLOW-MUSUN-uNrjjU-0052,5%,1인 1회,미사용
FLOW-MUSUN-uNrjjU-0053,5%,1인 1회,미사용
FLOW-MUSUN-uNrjjU-0054,5%,1인 1회,미사용
FLOW-MUSUN-uNrjjU-0055,5%,1인 1회,미사용
FLOW-MUSUN-uNrjjU-0056,5%,1인 1회,미사용
FLOW-MUSUN-uNrjjU-0057,5%,1인 1회,미사용
FLOW-MUSUN-uNrjjU-0058,5%,1인 1회,미사용
FLOW-MUSUN-uNrjjU-0059,5%,1인 1회,미사용
FLOW-MUSUN-uNrjjU-0060,5%,1인 1회,미사용
FLOW-MUSUN-uNrjjU-0061,5%,1인 1회,미사용
FLOW-MUSUN-uNrjjU-0062,5%,1인 1회,미사용
FLOW-MUSUN-uNrjjU-0063,5%,1인 1회,미사용
FLOW-MUSUN-uNrjjU-0064,5%,1인 1회,미사용
FLOW-MUSUN-uNrjjU-0065,5%,1인 1회,미사용
FLOW-MUSUN-uNrjjU-0066,5%,1인 1회,미사용
FLOW-MUSUN-uNrjjU-0067,5%,1인 1회,미사용
FLOW-MUSUN-uNrjjU-0068,5%,1인 1회,미사용
FLOW-MUSUN-uNrjjU-0069,5%,1인 1회,미사용
FLOW-MUSUN-uNrjjU-0070,5%,1인 1회,미사용
FLOW-MUSUN-uNrjjU-0071,5%,1인 1회,미사용
FLOW-MUSUN-uNrjjU-0072,5%,1인 1회,미사용
FLOW-MUSUN-uNrjjU-0073,5%,1인 1회,미사용
FLOW-MUSUN-uNrjjU-0074,5%,1인 1회,미사용
FLOW-MUSUN-uNrjjU-0075,5%,1인 1회,미사용
FLOW-MUSUN-uNrjjU-0076,5%,1인 1회,미사용
FLOW-MUSUN-uNrjjU-0077,5%,1인 1회,미사용
FLOW-MUSUN-uNrjjU-0078,5%,1인 1회,미사용
FLOW-MUSUN-uNrjjU-0079,5%,1인 1회,미사용
FLOW-MUSUN-uNrjjU-0080,5%,1인 1회,미사용
FLOW-MUSUN-uNrjjU-0081,5%,1인 1회,미사용
FLOW-MUSUN-uNrjjU-0082,5%,1인 1회,미사용
FLOW-MUSUN-uNrjjU-0083,5%,1인 1회,미사용
FLOW-MUSUN-uNrjjU-0084,5%,1인 1회,미사용
FLOW-MUSUN-uNrjjU-0085,5%,1인 1회,미사용
FLOW-MUSUN-uNrjjU-0086,5%,1인 1회,미사용
FLOW-MUSUN-uNrjjU-0087,5%,1인 1회,미사용
FLOW-MUSUN-uNrjjU-0088,5%,1인 1회,미사용
FLOW-MUSUN-uNrjjU-0089,5%,1인 1회,미사용
FLOW-MUSUN-uNrjjU-0090,5%,1인 1회,미사용
FLOW-MUSUN-uNrjjU-0091,5%,1인 1회,미사용
FLOW-MUSUN-uNrjjU-0092,5%,1인 1회,미사용
FLOW-MUSUN-uNrjjU-0093,5%,1인 1회,미사용
FLOW-MUSUN-uNrjjU-0094,5%,1인 1회,미사용
FLOW-MUSUN-uNrjjU-0095,5%,1인 1회,미사용
FLOW-MUSUN-uNrjjU-0096,5%,1인 1회,미사용
FLOW-MUSUN-uNrjjU-0097,5%,1인 1회,미사용
FLOW-MUSUN-uNrjjU-0098,5%,1인 1회,미사용
FLOW-MUSUN-uNrjjU-0099,5%,1인 1회,미사용
FLOW-MUSUN-uNrjjU-0100,5%,1인 1회,미사용
